id,label,type
node:6d3e30b9-737b-4228-bb35-87c8ddd339b3,"""FIRE INCIDENT AT CUTBACK STATION OF PLANT 2""",<INCIDENT_TYPE
node:41a3ed3e-7c92-460d-84b5-575e02ccbc38,JOHN DOE,PERSON
node:aafbc781-68fa-408d-97d6-3aea14ff4e36,FALLS FROM HEIGHT INCIDENTS,INCIDENT_TYPE
node:1e06b802-03e0-4561-a89f-da9c59c941f4,HEAD BRAIN LOBESHOTTLE,BODY_PART
node:f472fba4-4094-4773-9f58-84f4d4bdc7f0,SAFETY HARNESS AND LIFELINE SYSTEM,EQUIPMENT
node:8bfffbbb-2e26-440b-abd1-b63cae6dba8f,CONSTRUCTION SITE ALPHANEUM,LOCATION
node:358bd6ea-f88f-4cf3-9633-f880a45149d0,SAFETY COMMITTEE OF CONSTRUCTION SITE ALPHANEUM,ORGANIZATION
node:4f2125e5-afa0-4b24-b0c8-12e530deb537,JOHN DOE'S FALL INCIDENT DATE,DATE
node:0541bb00-b07d-473b-9e14-3548bb0060df,"""ENTITY""",
node:18299e60-ee59-4bc5-af4a-b81a973ce9cd,"""BAY-C WAREHOUSE""","""LOCATION"""
node:46f3e7ba-cef5-47db-961d-6e80b9973b25,"""TRUCKS""","""EQUIPMENT"""
node:4694f5fb-28be-48f0-8abf-a1e7e7d87cc7,"""MATERIALS ON PALLETS""","""BODY_PART/EQUIPMENT"""
node:0d022b98-bf6b-47e6-8011-5595f47c2707,"""NEAR MISSE INCIDENT - TRUCK HITTING PARTS""","""INCIDENT_TYPE"""
node:7a6b2568-17f6-4514-9c51-bd2753df02d2,"""CARRY-OVER/POPOFF CASE""",INCIDENT_TYPE
node:ce1083e8-5bfe-46df-ac99-2997dbb4345d,"""HESS CORPORATION""",ORGANIZATION
node:2610bd18-bf36-49a9-9d5e-8c06270d0450,"""TECHNIPFMC PLC""","""ORGANIZATION"""
node:3deb3cb6-da41-4a01-aaa6-11304c52e646,"""OFFICE BUILDING FALL IN PARKING AREA""","""INCIDENT_TYPE"""
node:fd5a8b30-166e-4390-a142-133240614c2b,"""MINOR ARM/ELBOW INJURY""","""INJURY_TYPE"""
node:7ae1a2cd-8b3d-429a-881d-a8ed883937a3,"""SLIPPERY SIDEWAYS""","""EQUIPMENT/GEOLOGICAL FEATURE"""
node:65e61393-4db7-44f6-be0d-bde2b29fb807,"""AGOTNES FACILITY""","""LOCATION"""
node:89464d70-40d3-4615-8e8d-7c288b25d4ce,"""COLLISION BETWEEN POP AND HEAD OF AMARRAVOO BOAT'S CODESA - ES""",<REPORTED_DATE_AND_TIME
node:0b7a5cc9-28d8-4299-bdb1-62bca27c29fc,"""SMALL POSITION ADJUSTMENT REQUESTED BY SUPERVISOR ON LAND DURING ATTRACTION MANEUVER""",<EQUIPMENT_ADJUSTMENTS
node:078ae901-371f-4cd3-a669-2a7a11c390e5,"""COLLISION BETWE0W AND HEAD OF AMARRAVOO BOAT'S CODESA - ES""",<STATUS_OF_CASE
node:5ef2edf1-c6e7-4583-a5f2-daaeb5d45b1b,<EQUIPMENT_AFFECTED,
node:f3c2ce1a-a7df-41c7-9782-bdd0c7dc2d7b,"""INCIDENT_TYPE""","""ACCIDENT"""
node:c39b6e0e-00f2-48ac-bf3e-2a51453b3119,"""NON-TFMC OWNED PULLING HEAD FALL FROM PALETTE""","""INCIDENT_TYPE"""
node:93c0c02a-044d-49d4-9ca1-5cca0522e0ad,"""EUROPALLET WITH PULLING HEAD CONTAINED""","""EQUIPMENT"""
node:66bc3c8c-0156-43e1-b6f9-c45f574f1565,"""PULLING HEAD SEALING FACE DAMAGED AND SIDE BOLT HOLE PCD/OD COATING RE-APPLIED""","""BODY_PART"""
node:aa83db21-ceab-475c-9a2b-4ab76ca018fb,"""NON-PERSONAL PARTICIPANTS IN THE ACCIDENT""","""ORGANIZATION"""
node:54fa6ee6-e206-45ff-be6e-cdc94fe48f8d,SKANDI AFRICA,ORGANIZATION
node:d06a6f55-8179-4aec-a6dc-a764778aabbc,TOTAL ENERGY EP BRASIL LTD.,ORGANIZATION
node:50216d71-8d5f-486b-99e7-a0f8b9a83c33,LAPA 5 FLOWLINE AND RISER,EQUIPMENT/PROJECT
node:ae7b2ab2-f460-4c45-86c5-100251d54d79,TTS CRAINE BOOM HYDRAULIC HOSE,EQUIPMENT/PROJECT
node:ed44bb2e-fcba-47d9-9601-0813dff7b3bf,HORIZONTAL CRAINE BOOM HYDRAULIC HOSE,EQUIPMENT/PROJECT
node:c6cd1aec-7876-49bc-92c0-69ed88353bfc,HORIZONTAL CRAINE BOOM HYDRAULIC HOSE END FITTINGS,BODY PART/EQUIPMENT
node:b4f6f417-4ad5-4c82-a6a9-c61c12fa6ba4,HORIZONTAL CRAINE BOOM HYDRAULIC HOSE END FITTINGS DENZO TAPE,BODY PART/EQUIPMENT
node:86ebd7ba-6cde-4549-895e-e0c25b12ccda,HORIZONTAL CRAINE BOOM HYDRAULIC HOSE END FITTINGS SCAF-DECK INSPECTION ACCESSIBILITY ISSUE,BODY PART/EQUIPMENT
node:e69fe0bb-6b2a-4807-814f-01d8fa8684e2,HORIZONTAL CRAINE BOOM HYDRAULIC HOSE END FITTINGS WEEKLY INSPECTION IMPROBABILITY,BODY PART/EQUIPMENT
node:8ecae013-6a42-4b1a-9301-dbaad78abc2e,OCEANIC CHALLENGER,ORGANIZATION
node:4e922d55-ab9b-444d-9534-c65f3869e468,ROV HD79,EQUIPMENT
node:4dee0e3e-71d1-4608-8821-9faf5f7f2ca8,HYDRAULIC HOSIELINE ON ROBOT,EQUIPMENT
node:b1a94f04-0d57-468b-8290-a29794636a59,"""GREMP CAMPUS (GENERATION PARK)""","""LOCATION"""
node:0d92ecc1-9f44-4360-8bf1-fe54461354c7,"""TECHNIP FMC PLC""","""ORGANIZATION"""
node:eb295e8a-0956-4bd0-b525-75d2f0923b71,"""NA - NON PROJECT SPECIFIC""","""EQUIPMENT AT FAULT TRUCK LOSS POTENTIAL SEVERITY VALUE AND CLIENT LOSSES"""
node:e9a2d5b5-b4af-4b1f-b6f1-56ce0b5103db,"""WASTE BIN OUTSIDE WORKSHOP WH27""","""EQUIPMENT"""
node:7d464e82-f21a-4d42-b3d8-dd0fb873c07d,"""FIRE""","""INCIDENT_TYPE"""
node:43353e27-07cc-4f92-9689-3b037f28e82f,"""USED CIGARETTES AND NAPKINS""","""BODY_PART/MATERIAL"""
node:d86b768d-b88a-42d3-9490-cfb226375067,"""QHSE DEPARTMENT""","""ORGANIZATION"""
node:8aeea178-cad9-4bdc-a5e2-a0090f874de1,"""EMPLOYEE""",PERSON
node:29314483-4548-4192-895a-f42bde7a695c,"""TECHNIPFMC""",ORGANIZATION
node:313b4804-4bcb-4979-b072-444f20e83578,"""NA - N/A - NON PROJECT SPECIFIC""",PROJECT
node:dd2b15a0-b322-4c80-9c2f-4dede8b7c8b2,"""MOTOR VEHICLE WORKPLACE ACCIDENT""",INCIDENT_TYPE
node:cfdaa762-5266-4b38-bc4e-c0c37dbaf71f,"""VESSEL / YARDS-YARDS""",WORKPROCESS
node:5047cebe-42c2-4f93-909c-fd41be339a46,"""N/A - NON PROJECT SPECIFIC""","""LOSING RULES USED IN CASE"""
node:f5ee89b7-edc2-493a-94bd-169568599dd5,"""3/5/2024""","""CLOSED DATE AND LOSS POTENTIAL SEVERITY OF CASE"""
node:3f067a89-e9f6-4e80-b3d3-fa7f8b01902d,"""BOREPROTECTOR""",EQUIPMENT
node:25590585-07cb-4807-bbff-309d41d2de48,"""SWIVEL HOIST RINGS""",EQUIPMENT
node:f4b1358b-c88d-4648-9cb1-7d5a279cfdb0,"""LOCATION""","""ERIE MANUFACTURING FACILITY, ERIE, USA"""
node:370c94eb-a9bf-47a7-a9a7-9fdb8a09cfca,"""ORGANIZATION""",TECHNIPFMC (AS IT IS MENTIONED AS A POINT OF REFERENCE FOR LOCATION BUT NOT DIRECTLY INVOLVED IN THE INCIDENT. THE GENERAL BUSINESS UNIT AND SPECIFIC BUSINESS UNIT ARE PRODUCTION SOLUTIONS.)
node:330edb6c-8141-49da-b2b1-2d75bde5beba,"""INCIDENT_WORKPLACE""",
node:a010b3d4-d387-43e2-98f5-cadae2f4d9ed,"""ERIE MANUFACTURING FACILITY, ERIE, USA""",
node:ed3dbb74-8de3-4a94-8c0c-17f8d1c7ae55,"""BODY_PART""",KNEES AND HANDS
node:b2f5509c-f0d4-47e7-ad3e-cc9ab431f373,"""EQUIPMENT""",PEDISTAL FAN WITH ELECTRIC CORD
node:d7d762f2-f2ee-4f99-bb41-6aba40db05f8,"""ACCIDENT""",
node:a6258f53-bc50-41c6-9adb-f96c26f5ea0f,ACCIDENT,
node:bd7e1975-6a32-44b3-80d8-dd9fea500d1d,PEDISTAL FAN WITH CORD,
node:90932ef5-91cf-4d74-a6c7-34b6cbedf9e2,"""SPARSE PART CONTAINER ROOF DETACHED AND FELL FROM THE CONTAINER""",INCIDENT_TYPE
node:d3c3218e-382a-4956-8917-778c75bb4578,"""STRONG WIND""",WEATHER_CONDITION
node:22286019-a26d-4296-aab9-d18957f773c4,"""SMOKING AREA ROOF""",LOCATION
node:f00bc92b-cdec-4fa1-ac7d-37366f5152c2,"""SMOKING AREA SMOKE RESULTED IN NO HUMAN LOSERS, BUT ONLY SECURITY PERSONNEL WERE AT ISSUE AREA AS ALL ALREADY GO HOME.""",
node:507f7b3c-7385-4ddc-a1c4-e43d0572888a,DURKE BATAGLANI,PERSON
node:894b9d82-2366-453f-aacc-d707777e6626,MEGGIE TAZBAH,PERSON
node:e3aa6ac7-6a45-4bbb-943c-b4c5220e9652,"""SERVICE_RESPONSE_TIMES""","""EQUIPMENT"""
node:6838fdf2-2ffb-4ba5-aca4-650ed5aacafa,"""ONEFLEET EPCI""","""ORGANIZATION"""
node:d9013368-50d3-4b63-8293-177e4cb9ea80,"""DEEP ORIENT PROJECT""","""PROJECT"""
node:970a5ddd-4d2d-42ca-bec7-50d22bf81008,"""ABERDEEN WORKPLACE""","""LOCATION"""
node:7740d2cc-4312-44de-b2f6-0c1c3596b647,"""TECHNIP FMC EMEA BUSINESS UNIT - SUBSEA""","""BUSINESS_UNIT"""
node:1d59b842-3a86-4614-bda4-41d158f625fa,"""VESSELS IEPCI""","""BUSINESS_UNIT"""
node:84cec6dd-7108-423d-b0fe-24d018a2f332,"""DAMAGED DECK DUE TO CUTTING DISCS USED INSTEAD OF GRAINING DISCS""",
node:ebf42a1d-a49e-4a5b-82f6-1d4e05561fb0,020737A001-DEEP ORIENT PROJECT,<DATE
node:4ad1da93-69d7-4720-bbc0-bf59c349b5f6,TECHNIP FMC505 LOCATION CODE TFMC505.,"<TFMCFMC505 - DEEP ORIENT WORKPLACE LOCATION CODE IN EUROPE, ABERDEEN, UK, WHERE THE CASE WAS REPORTED AS CLOSED ON 1/21/2023"
node:3a46b2db-a6fe-4baf-af50-ccf94c1c7fb9,"""DATE""","""10/30/2024"""
node:03fe044c-f0eb-453c-8519-3629ad300ca4,"""HALL E DO GATE""","""EQUIPMENT"""
node:d1b25a1d-82de-462c-b7bf-70a3505d1146,"""WAREHOUSE TECHNICIAN""","""PERSON"""
node:ca01f482-6a90-40d5-bd85-0255e34a74b4,"""AGOTNESBERG FACILITY, AGOTNES, NORWAY""","""LOCATION"""
node:07250324-7687-4088-8110-51c63921516e,"""INCIDENT DATE AND TIME REPORTED AS CLOSED (3/11/2024)""","""DATE_TIME"""
node:fae0f4b0-e6e8-4b15-a013-8828ff7f847f,"""FMC KONGSBERG SUBSEA AS CLIENT""","""ORGANIZATION"""
node:06570209-d252-4249-b618-adc449ff20aa,"""N/A - NON PROJECT SPECIFIC AND HALL E DO GATE FALLS (10:00.0)""",
node:542f323b-0a2e-45e2-83f5-b48cfbe3518d,"""HALL E DO GATE REPORTED AS CLOSED BY CLIENT'S ORGANIZATION ON THE RISK MATRIX""",
node:ee608109-475a-4f47-b588-aac54a0b236e,"""WINCH DETACHMENT INCIDENT""","""INCIDENT_TYPE"""
node:5419d6e1-1215-4e3c-aa86-9ee5c4cbe46a,"""SLIDING PLATE TEST""","""EQUIPMENT"""
node:8102b8cf-c2c8-4732-973b-9e3a89fd36e4,"""SLIDING PLATE TEST CYCLE 1""","""INCIDENT_TYPE"""
node:33015b73-0a6b-42d4-9bbc-ccafc78d3eaa,"""COAT ON BEAR""","""BODY PART"""
node:837b4c2b-2eb6-4f6d-8a10-3670156386bf,"""TECHNIPFMC CENTER (CTF)""","""LOCATION"""
node:73c4b422-999a-4e1b-b427-cf8b90fc9344,"""BRAZIL SOUTHERN REGION""","""GEO"""
node:1d919557-063a-42c4-a641-50c65f182b92,"""2024-09-25""","""DATE"""
node:24858c95-bf8b-4936-b5d4-63bc21115e24,"""COAT ON BEAR AND SLIDING PLATE TEST CYCLE 1""",
node:7abdd8e7-97ae-4ce9-9334-f674854dcdeb,"""WINCH DETACHMENT INCIDENT REPORTED AS CLOSED""",
node:6fff91c2-30a9-42ac-a77d-12f4d78eb277,"""WINCH DETACHMENT INCIDENT AND SLIDING PLATE TEST CYCLE 1""",
node:0d42d2d9-3029-4d92-bb56-39af3948023f,"""STARBOARD ROV HD79""","""EQUIPMENT"""
node:cfc587e0-f502-4785-b95b-f9417741bd76,"""OLYMPIC CHALLENGER""","""ORGANIZATION"""
node:2e2b8bb4-b8e8-4dd3-abed-f4f9aa18e6a7,"""LARS TELELEGS""","""EQUIPMENT"""
node:124aebbd-5bbe-4a15-93a7-5730bee97e03,TLS MONOPOLE DOOR RAMP MOUNTING SYSTEM WITH OIL SEEPAGE AT HYDRAULIC FITTINGS,EQUIPMENT
node:baf691dc-80ac-4d77-8557-85ee7eac4f75,"""DEEP BLUE""",ORGANIZATION
node:820a7e6d-5bdc-48c3-a21e-40fe694abe3b,"""CRANE NO 2""",EQUIPMENT
node:3a6b2532-0744-44a8-8d97-4d4459517647,"""BOW STEERING CONTROLLER""",EQUIPMENT
node:ae46ec23-8bee-47ec-b487-f99cbef1ce98,"""HSE ASSOCIATE""",PERSON
node:2f87fd80-9f89-4848-b589-c94c5972244b,"""CAPTAIN""",PERSON
node:a5efc192-6b72-4eb9-b91a-3bc13292420d,"""HSE SUPERINTENDENT""",PERSON
node:4ffd9619-b7e0-4364-b863-075b73036ad7,"""PROJECT MANAGER""",PERSON
node:df553952-9274-4e3a-9ebb-012716273109,"""GIBDOCK CREWMAN""",PERSON
node:9886cc59-92e8-428b-9cb8-e6d7e4ebcc9c,"""INJURY_TYPE""","""MINOR CUT INJURY TO THE HAND"""
node:4183919e-a1aa-4e8c-b997-3a563cb1e56b,"""BODY PART""","""HAND"""
node:15b3cec5-65d1-462c-afc7-e5951aef2334,"""LOCATION - ORGANIZATION: HYDERABAD NMC MANUFACTURING - INCIDENT_TYPE/FACILITY WHERE THE CASE WAS REPORTED AS CLOSURE OF THIS ACCIDENT.""",
node:6434cf46-7fd5-42c7-8018-a0a09f68a6bc,"(""RELATIONSHIP""",
node:295ade91-1a00-4465-902b-10cd8e8ef472,"""COMPANY VEHICLE LD3724""",EQUIPMENT
node:33bc7157-c48c-4d21-970b-85b4971f1fcf,"""DEER""",BODY_PART
node:4a4a543f-ded7-4385-b414-aa0db7c96eb5,"""MINIMAL DAMAGE TO GRILL AND BUMPER""",EQUIPMENT
node:d8610bfe-3c21-422b-a624-8d651d5a8d81,"""FINANCIAL IMPACT""",INJURY_TYPE
node:1a11ccc4-0c61-410b-8061-ed64a45c1535,"""1 - VERY UNLIKELY (< 1%)""",PROBABILITY_OF_UNDESIRED_EVENT
node:c09f85f4-8000-43af-9e93-52bd7510f75c,"""COMPANY VEHICLE LD3724 DEER STRIKE""",DATE_AND_TIME_OF_CASE
node:a294bcb6-d903-44ba-8546-e5dd485ca584,"""SURFACE AMERICAS""","""SURFACE AMERICAS."""
node:c1346453-0086-4da9-a95d-3e76e6d16c72,"""COMPANY VEHICAL STRIKE""",
node:4f31a171-214e-4b27-a970-e7a6a0e24714,"><""NONE_PROPERTY OF N/A - ""INTELE"")",
node:0bf9758a-bd49-4345-aa8b-63da8df37e91,"""THIRD PARTY TRUCKING COMPANY""","""ORGANIZATION"""
node:0ff6007c-8526-4220-9a04-df1293935934,"""SPIOOL""","""EQUIPMENT/OBJECT"""
node:86e59030-32d2-4627-8026-13f4eb095e61,"""ODISSECTED LOAD STRAPS""","""EQUIPMENT/OBJECT"""
node:d1e6b314-421c-475f-9ba1-350b6e3f10b9,"""TFMC EMPLOYEE""","""PERSON/ROLE"""
node:e4755591-9f13-45bd-b0d7-2c89522e8f9c,"""LOCAL MANAGEMENT""","""PERSON/ROLE"""
node:46a88348-70b3-4ca7-8aae-233d13eea2b6,"""SPIOOL AND OTHER ROUND ASSETS""","""ORGANIZATION/ROLE"""
node:c4ae3b8d-98bd-44a8-a1b1-342a348de582,"""SAFETY ASSISTANT/FORKLIFT OPERATOR""","""PERSON/ROLE"""
node:3499897a-b6e2-47ca-b148-f98ca4a77177,"""ONE AIRPORT SQUARE,ACCRA,GHANA",LOCATION
node:34f80fc4-7c9f-4eef-a662-4559b35a375a,"""BANKSMAN(IP)",PERSON
node:e1e98aa9-81b2-4870-acfb-5a012356c1d6,"""GOOSENECK WITH HUB",EQUIPMENT
node:37c3f5ce-0242-4068-9fd0-3ed33f834ac2,"""YOKE FRAME",GEO
node:2b0422af-a83a-4d61-b3fd-4838a0a724e8,ROV UHD-24,EQUIPMENT
node:42ebed96-b3fb-4fc0-a58e-d55d1b977c74,HYDRAULIC OIL LOST TO SEA,MATERIALS
node:9dc7fc1a-94d3-4db1-94e6-23787c711704,"""TENDER FORENMAN""","""PERSON"""
node:05780a12-438a-40ec-8719-67c4bd7708a9,"""BIKE""","""EQUIPMENT"""
node:c21b5eb5-fc63-4a1b-82df-cf9193b5c4a6,"""RIGHT FOREARM""","""BODY PART"""
node:d8fe613f-2485-4ba5-a9d3-c3fa2ef6c52a,"""MORNING OF SATURDAY (07:30HRS)""","""DATE AND TIME"""
node:1429932f-3d17-4f99-b703-230c232086d7,"""INJURY/ILLNESS IMPACT DESCRIPTION""","""BODY PART AND INJURY RELATIONSHIP"""
node:b8a7f88a-09e5-4938-a40e-6904e525230a,"""RISK MATRIX SEVERITY SELECTION (1- NEGLIGIBLE)""","""INJURY/ILLNESS IMPACT DESCRIPTION VALUE"""
node:2b38ba09-f2d1-452f-ad80-71159c91285a,"""RISK MATRIX LIKELIHOOD SELECTION (PROBABILITY)""","""INJURY/ILLNESS IMPACT DESCRIPTION VALUE"""
node:1641856d-3598-4fc9-8103-10e0bdb6a78b,"""CRITICALITY OF CASE (1.0)""","""RISK MATRIX LIKELIHOOD SELECTION VALUE"""
node:01523638-39b7-4159-8f1c-93b8b1369d1f,"""CASE RESOLUTION (COMPLETED)""","""STATUS OF CASE REPORTED AS CLOSED DATE AND TIME"""
node:01db284d-0773-4d62-8de6-4d12604ae8d9,"""WORKPLACE LOCATION (DEEP ARCTIC, ABERDEEN)""","""LOCATION AND AREA OF OCCURRENCE DESCRIPTION"""
node:7cc22d0c-660f-4ff0-8af7-257ea6116418,"""GROCERY_STORE""","""LOCATION"""
node:fc6dcdc7-ec0a-4d07-b51c-e9d3219c8541,"""COMPANY_TRUCK""","""EQUIPMENT"""
node:fe4c9503-d445-4d1c-8f28-f6ffdacd2207,"""OTHER_PARTY_TRUCK""","""EQUIPMENT"""
node:d4974e62-e812-42f3-b3bc-6d46218eedee,"""POLICE_REPORT""","""DOCUMENTATION"""
node:ab9bc216-b8ba-433e-b62d-28be82f11c20,"""LD3967_CASE""","""INCIDENT"""
node:4a3f8277-8a57-4ad1-9eed-4a8f6f8baced,"""SURFACE_BUSINESS_UNIT""","""ORGANIZATION"""
node:8849da95-fb8a-4071-8d4a-e7212ef5ecd4,"""ODESSA_SERVICE_BASE""","""LOCATION"""
node:57cccb4b-e46b-475f-b8b6-804655e89a4d,"""TECHNIPFMC_PROJECT""","""PROJECT"""
node:ece77a33-c11a-46e7-9c03-403501d83dc2,"EMPLOYEE_WALKING_OUT""",
node:2c9baa99-c1a2-4fa6-85ac-5b4e1efb29a8,COMPANY VEHICLE,EQUIPMENT
node:5e7f9008-f30f-474b-9c4d-a7cb27da1865,PEDESTRIAN,PERSON
node:226147f0-fe7b-4e24-8f00-d82aac2c9493,"""SECURITY BASED IN JOHOR BAHRU, ASIA PACIFIC""","""LOCATION"""
node:94e6671e-73bb-4fdd-a4f3-a8439dd0bd9e,"""MIG WELDING MACHINE TROLLEY 13""","""EQUIPMENT"""
node:62ce555e-9265-495e-88d1-f035d130958c,"""WELDING MACHINE TROLLEY COVERED WITH CAP""","""EQUIPMENT AND GEO"""
node:d41202ce-ed45-4c4e-a8ce-a2c823d8384a,"""WELDING MACHINE TOPPLED OVER DUE TO UNBALANCE WEIGHTS""","""EQUIPMENT AND INCIDENT_TYPE"""
node:adaa84d1-1616-4968-b743-6ddcf268a13a,"""ASIAFLEX PRODUCTS SDN. BHD.""","""ORGANIZATION"""
node:80ab5712-3b9e-4039-8b02-a874a518992d,"""JOHOR BAHRU WELDING INCIDENT 2023-11-22""","""DATE AND RELATIONSHIP_TYPE"""
node:daf576e8-6c50-4dc0-916a-b1c87ba80752,"""JOHOR BAHRU SECURITY OPERATION CENTER N/A AND WELDING_BASED IN JOHOR BAHRU, ASIA PACIFIC""",
node:c37966cc-88a4-4274-9a28-7f910b9372f9,N/A,
node:b10a2b3a-eb43-438f-aadb-52604ab0c25e,"""TR WINCH HUB LOCATION""","""GEO"""
node:1ce7e43e-bf91-463f-8f8c-4e76cdd843bb,"""BÚZIOS 6 PROJECT""",INCIDENT_TYPE
node:4a53afab-5eac-4701-87ce-f72ee1c2ab01,"""TECHNIP FMC""",ORGANIZATION
node:f78d4e9b-5f91-42dc-84aa-8109dad50502,"""PETROBRAS""",ORGANIZATION
node:0c1122b7-e49f-47ba-99b7-20578bcde562,"""RIGHT FOOT OF SEAFARER""",BODY_PART
node:3a6e163d-1410-426b-8cb7-7889c9b2d291,"""ROTOR PN.501926001""",EQUIPMENT
node:a1ef5ffd-233e-47cb-a541-f9d752a47aa5,"""CLEANING MACHINE (WASHING PLANT)""",GEO
node:670d61e5-bc07-437f-b8fe-f5657ab07e59,"""ALBERTINEN HOSPITAL""",ORGANIZATION
node:4b383c9a-97f3-4a9a-8a75-34942256a024,"""EMPLOYEE'S THUMB INJURY""",
node:5e0e4a84-f3f6-431e-8ab7-3987cd645e85,"""TECHNIPFMC PLC.""","""ORGANIZATION"""
node:abf39196-d173-4c1f-9a1e-1ff50eb179be,"""ODESSA SERVICE BASE.""","""LOCATION"""
node:0befe203-cf16-4cff-9da5-c2d44c6f8d09,"""TECHNIPFMC.""","""ORGANIZATION"""
node:4176af2a-e8d1-4a85-89ab-2465354527b7,"""TECHNIPFMC 02265IN.""","""ORGANIZATION"""
node:fae91992-c4e7-4b3f-81e5-b43db2bc88a2,"""STEPHENVILLE MANUFACTURING""","""LOCATION"""
node:a73bce97-c1e4-4657-98fa-7f57b7d9b600,"""REMS.""","""BUSINESS UNIT"""
node:c10e261e-a7a7-4b15-b28b-4241b4d787df,"""TFMC628.""","""LOCATION CODE"""
node:222817c0-ad3f-451b-bc5d-84dbc0f84774,"""NEAR MISS.""","""INCIDENT_TYPE"""
node:0bbf8be1-4758-416a-8360-e880b366a404,"""1.""","""BODY_PART"""
node:dafae25f-4e59-4ff5-92e0-e2b440a41432,"""BODY_PART.""","""BATTLEGAGLANI."""
node:c30231af-9524-42f8-8940-b3d71cc3692f,DURKE BATAGLANI.,"""SOURCE ENTITY."""
node:2a7713cf-7dd0-4ac7-ba0e-cb27e28dcb58,"""IP""","""PERSON"""
node:6adc807e-fc77-4cb6-8bc5-e12941040cc2,"""RIGHT ARM""","""BODY PART"""
node:5349ae44-5208-44a5-bedc-716d8876d244,"""CONVECTION OVEN""","""EQUIPMENT"""
node:cbdec171-5152-47ee-9f91-01653663046d,"""FIRENIGHT 202374C001 - KRISTIN S?R SR SURF PROJECT""","""ORGANIZATION/PROJECTS BUSINESS UNIT"""
node:9f9e3ec1-deb3-492a-a6ec-0d19daaf823d,"""CENTRAL INSTITUTION""",INTELEX SYSTEM OF RECORD USED FOR THE CASE IS INTELEX (A SOFTWARE SYSTEM USED TO RECORD AND MANAGE INCIDENTS)
node:49589947-ce33-4227-ad08-bf89b04c0222,TECHNIPFMCAGOTNE FACILITY,ORGANIZATION
node:f911d869-60bf-4895-a6c8-d714145cd00e,AGOTNES NORWAY,GEO
node:d3198a82-50e1-40bb-929a-b6808a9d7847,TECHNIPFMCAGOTNE SUBSEA AS,ORGANIZATION
node:c9092ddf-108c-4ed5-82d5-59b9628fdcb6,TECHNIPFMCKONSBERG KRONGSE AS -ORGANIZATION,
node:c9c56a87-e135-42c3-b59f-7cb5ac094853,"""SOURCE_ENTITY""",
node:13208143-d15d-4f2f-909a-9094e4f6ec19,"""SARAH COURTNEY""",PERSON
node:f142dfac-2bbb-4d48-99ae-75b1f19a1f46,"""MIKE CASTOR""",PERSON
node:e5589071-e4a6-4553-a2b9-8e151ac67a21,"""GENESIS PLUG""",EQUIPMENT
node:dd908b97-a468-48e3-bd0e-402313733c2c,"""ERIE MANUFACTURING, ERIE, USA""",LOCATION
node:d085636f-fc9a-4e1e-ae60-a3d0898d2bda,"""JULY 22 – SARAH COURTNEY INCIDENT""",INCIDENT_TYPE
node:e101dcfc-0b53-41d9-abb7-d3bed1867218,"""SARAH COURTNEY INCIDENT""",
node:f666a1ca-80d9-4c48-a48b-008b4c1c346d,"JULY 23, 2022",DATE
node:b60a41aa-ace9-41da-92dd-897aeb3f3a67,"""MIKE CASTOR SHOULDER PAIN CASE""",
node:42c068c8-03ba-4c81-aa98-3fc74145e56c,"""SURFACE BUSINESS UNIT PRODUCTION SOLUTIONS""",
node:33f67cd2-747f-4783-a6ce-4c9358547aee,"""INTELEX SYSTEM OF RECORD""",
node:ce90e1a7-105f-4743-9d8c-ee3b16095e5e,"""SARAH COURTNEY INCIDENT REPORTED DATE AND TIME""",DATE_AND_TIME
node:8b783693-afaf-47bb-a578-73fa3c99de12,"""SARAH COURTNEY INCIDENT REVIEWED BY LOCATION CODE OF INCIDENT""",LOCATION_CODE
node:99914edc-4ff1-423a-87b4-1174026c33d4,<ENTITY_NAME>,<ENTITY_TYPE>
node:260cd554-2f9d-41ed-8a4a-a426b71ffe2a,"""SKANDI AFRICA""",BODY_PART
node:3662f74d-4eab-4c9a-b5ac-1354ba38c189,"""MV WELLPURK""",EQUIPMENT
node:96eb2a85-1960-4bbf-a944-c88a79aef0b6,"""SUPERVISORS ENTERING WORKSHOP FLOOR ABSENCE_OF_SAFETY_GLASSES",INCIDENT_TYPE
node:84620814-0b0c-444c-a6c9-fed33964a8dd,"""SES WORKSHOP FLOOR""","""LOCATION"""
node:36f081c0-8c7d-46b2-8021-ae4f81310bd9,"""SAFETY GLASSES""","""EQUIPMENT"""
node:bd247f38-a8ff-4f05-b2c0-fdac8034aa9a,"""3/13/2022""","""DATE"""
node:55a4e9f5-43da-4118-965a-259607e639b2,"""SAFEWAY ENGINEERING SERVICES LLC - TFMC545""","""LOCATION"""
node:89a58aa4-15a1-41eb-a6ac-6bc752fff300,"""ROLLER SHUTTER DILOGED FROM TRACK""",INCIDENT_TYPE
node:3678366b-8e46-4e72-9497-b40da2164aeb,"""OPERATOR""",
node:94bd3db2-9cb2-4208-bcdc-3991848a8e31,"""SAFETY LATCH ENGAGEMENT""",
node:bd5f671b-82af-441e-89b6-cf75d71f7452,"""PROBABILITY OF OCCURRENCE""",
node:9231d216-5284-4c81-86b8-cb7b559da431,"""CRITICALITY OF CASE""",
node:e725f4f7-492c-4ebf-884a-dd812027fe60,"""RISK COLOR FOR CASE""",
node:59989c25-9d50-416e-9a6e-aee90df3514d,"""MITIGATED RISK VALUE""",
node:fa284edc-7363-43b7-ad55-8d9ef2715db9,"""MITIGATED RISK COLOR""",
node:2eec571b-303c-4f79-a60e-9ca49143594e,"""SYSTEM OF RECORD USED FOR CASE""",
node:d5c978f7-abbe-4729-8e43-cb2108e564cd,"""DATE AND TIME OF THE INCIDENT""",
node:31be3f3f-da1f-4257-b6a6-290d74de9f30,"""LOCATION OF INCIDENT""",
node:2c47500a-eb50-4556-af9f-5e062e2704f6,"""CLIENT FOR CASE""",
node:af581b3b-c7eb-4eda-8fb9-d7a8a30e7ca2,"""ACETILENE MANGO",EQUIPMENT
node:87903985-d98c-47c7-8784-551d2af7a3ff,ACETILENE MANGO,
node:d3830047-16f3-4cb9-9933-9f65197f810c,"<FIRUZENING_MANGUEIRA DE ACETILENO DURANTE TRABALHO A QUENTE (26/03/2022, 1.0)|>""RELATIONSHIP""",
node:1079fa2e-4809-4741-b7eb-8a5f53aef10f,"""YELLOW CONTAINER TESSED PLATFORM""",LOCATION
node:e5b515b4-2371-4c96-9618-dc16f7916e33,"""G250T GUINDRASTE MAIN MOUTH""",EQUIPMENT
node:e4fc8d05-af87-4477-bbff-fdc16b72d990,"""SKANDI VICTORIA CONTAINER PLATFORM""",LOCATION
node:85a103e8-4c88-4586-903f-7ac39a04fc69,"""LINE OF FIRE RULE""",LIFE SAVING RULES
node:4eb1d881-6b65-415d-a267-a66adaba5782,"""CONSTRUCTION - INSTALLATION-OPERATIONS PROCESS""",WORK PROCESS
node:10f6e30f-189d-41e4-b1f3-d9063d0457d9,"""BLEEDING HAND""",BODY_PART
node:d3e14f8f-b526-4cd0-bc7a-f1ac5d5e21ff,"""KNIFE""",EQUIPMENT
node:11ed771c-dcc3-4b2f-b159-ef2b9d1d2600,"""WORKPLACE""","""AGOTNES FACILITY"""
node:049a0fc4-30ae-40b7-9e38-5b54e113e31e,"""TECHNIPFMCOFFICE""",ORGANIZATION
node:95df4fb7-ac35-412a-98af-5a959c38f914,"""WORKPROCESS""","""VESSEL / YARDS-WORKSHOP ACTIVITIES"""
node:f9fe006c-bacb-4db6-831f-34c0c4585664,"""PERSON RESPONSIBLE STATUS ACTIVE""",ORGANIZATION
node:f178448b-78ac-4376-a288-bdcf583a8072,"""FIRST OPERATOR""",
node:a52fd4e5-e081-480f-92ea-218140879ffa,"""SHINS""",
node:0034bcff-ffa3-4d73-8468-8c844870e969,"""MEDIC/REPORTED TO MEDIC FOR REVIEW""",
node:a42e1cc4-98a8-4556-8daa-fff70f586a16,"""INCIDENT PERSONALITY INJURY""",
node:194466f9-5e7d-4605-9081-88215e3168ff,"""RISK MANAGEMENT SYSTEM USED FOR REPORTING INCIDENT""",
node:5e93980d-3a15-4c68-8b8b-9a7bdeb9cf77,"""INTELEX""",
node:f53226de-8dd1-47f7-9139-476fd49dbae0,"""ACCIDENT REPORTED DATE AND TIME""","""08/29/2023 00:00.0"""
node:acd9b2a3-eaee-4996-8345-4fc97e69932a,"""TECHNIPFMCUSA - USA - HOSTING CENTER LOCATION CODE""",GEO
node:d466e7c2-ad86-471a-829d-d840fc4d13bc,"""LOCAL BUSINESS UNIT ACTIVITY""",
node:a2e94bd3-e2e6-41d3-828c-05f93e1a0f14,"""VENT VALVE OPERATOR ADJUSTMENTS FOR PUMP STOPTION""",EQUIPMENT(CONTINUED FROM PREVIOUS OUTPUT)
node:de1c8cca-08fe-4abd-9c6a-8be1bcaab845,"""IP (INCIDENT PERSON)""",
node:7fc9c569-e473-4567-9df3-d01cf767ab24,"""TECHNIPFMCUSA - USA - HOSTING CENTER LOCATION CODE TFMC503""",
node:db596eb0-9134-42fb-a462-14f816cc0083,"""SANDING EQUIPMENT""",EQUIPMENT
node:d6bd40a6-a300-4190-b23c-995506b8515a,"""MT: OPERATOR GOT A PARTICLE IN THEIR EYE.""",CASE IDENTIFIED INTELEX SYSTEM
node:ce67c20f-b2d8-4bdd-9400-d0c096fbcfa3,"""NORGE AS""",<ORGANIZATION
node:2ebe2824-8425-414b-a1bc-ada1949e151b,"""TECHFMC""",<ORGANIZATION
node:923243ed-d437-465b-8936-e497bdda7d32,"""KRISTI SOROR""",PERSON
node:a6189613-b92c-4ac9-986a-18bf7d537af0,"""ALHAMIA PRISON""",
node:7c87a079-20f4-43d0-a12b-98ca50c7145e,"""DURKE BATAGLANI""",
node:73adb826-e1ac-47e1-a8f4-f5f145321a70,"""MEGGIE TAZBAH""",
node:e6717bd8-bb0d-440b-aa63-2a4ac72ce753,"""SAMUEL NAMARA""",
node:876d0e4c-1b6c-49d8-bb9b-3ae5511b411d,"""KROHAARA""",
node:7e75cdbb-dd62-42d9-ab08-73a88c97a813,"""ORKJERG STOCKBASE""",GEO
node:795998f5-e2aa-4088-b48e-4d88f93dd192,"""SIF-DO""","""INCIDENT_TYPE"""
node:760953c1-2a4d-4c96-962c-2d7bdb7bf154,TECHNICIAN,PERSON
node:a7a4d948-f38c-47bc-8712-84dfc01afcc4,HAND CUTTING INCIDENT,INCIDENT_TYPE
node:4bac11ba-284b-417e-9782-a3a6b4273eba,FIRST AID PROVIDER,EQUIPMENT/PERSON (NOT SPECIFIED)
node:8338a364-5960-4b90-9fea-5f762d9288b0,"""TRICAT'S SUPERIOR PLATES""",EQUIPMENT
node:887f27d4-c50d-49b7-a548-c75063eab36a,"""WOODEN PALLET""",GEO
node:1767c6bd-43cd-40db-b5c5-2d17c97e2cce,"""FORKLIFT""",EQUIPMENT
node:28568931-37af-48b2-b4fa-bd1d74c4aa66,"""FIRUZABAD""",LOCATION
node:c6a32428-5c59-4964-a79b-498b853f4623,BODY_PART,HEAD
node:d40c87c6-e8c2-419c-ac59-4449b9acb57b,INCIDENT_TYPE,PIPE MOVEMENT INCIDENT
node:32392284-af64-4445-87fc-9fb152f19621,INJURY_TYPE,EQUIPMENT
node:d42e59df-94d0-4c46-8d12-5d108d29e1db,TECHNIPFMC PLC.,ORGANIZATION
node:8f2cd861-fce1-428d-921a-8c2fac4ac7c8,NEUQUEN SERVICE BASE.,GEO
node:f5a4baf6-0c43-4027-88d3-0898354cb9ed,IMPACT/ILLNESS,INJURY_TYPE
node:a83c27bf-8c22-4057-889f-d9ad33193ec5,ICE CLEATS,EQUIPMENT
node:7ccad6da-e690-43a6-9eb6-440d71ee88d1,MINOT SERVICE BASE,LOCATION
node:98b773cd-04b8-4274-8545-77fc2a81df49,"MINOT, USA",ORGANIZATION
node:2b0747e4-4de9-4cfa-8034-0bf98f2dd953,BLANCHARD REFINING CO.,ORGANIZATION
node:a61297be-01cc-407b-86f5-e827e218cd5c,"""HALTEN ?ST SURF EPCI PROJECT",PROJECT
node:376b9318-b4af-4db5-8d3a-9361400171b2,"""TECHNIP FMC OLYMPIC DETLA",ORGANIZATION
node:45ba8956-a397-4ff2-8dae-f61e54b3adc4,"""EQUINOR ENERGY AS",CLIENT
node:82ebd42f-e4b4-456b-88de-a194ba32c840,300685C001 - HYDRAULIC OIL DISCHARGE FROM ROV HOT STAB DURING OPERATIONS,
node:3f9f0e23-3751-4e73-afc0-0ea615cbb8c4,"""MARTIN SMITH",PERSON
node:880ab437-9473-4592-8a73-4e3fad63d55b,MEMBER,PERSON
node:db24c913-c7b5-468b-bccd-bd67c8527a35,STEWARDSLESSNESS,BODY_PART
node:1fdd95a8-396a-4e50-bbb1-1338dcde69d8,SWEETENDER,
node:857e3e99-8412-44b5-a5d8-ff27b973d81f,BAKERY DOOR,
node:387a8560-e079-4194-803a-6e94c3f003db,"""WELDING MACHINE EARTH CABLE BURNT IN THE CABLE TRAY""",<EQUIPMENT
node:a1d586f9-d553-4dd3-9ee4-14abdf427749,"""FITTER Z""",PERSONALITY
node:45d1d3f9-8904-4c4d-a4f2-c1baf24add44,"""WELDER A""",PERSONALITY
node:d82e0ddc-0d0b-49b4-9aef-45c3fce9a915,"""WELDING MACHINE EARTH CABLE BURNT IN THE CABLE TRAY - WELDER A AND FITTER Z""",<RELATIONSHIP_DESCRIPTION
node:a0a46b47-c978-441a-b5c7-51f01671bc60,"""WELDING MACHINE EARTH CABLE BURNT IN THE CABLE TRAY - FITTER Z AND WELDER A""",<ORGANIZATION
node:4ea6a27c-a2f3-4600-95a5-947613dfa8e2,SAFE MECHANICAL LIFTING RULES,"""ORGANIZATION"
node:19813b3f-19b2-437c-a18f-9032554da11e,"""CROSSBEAM FAILURE CASE",GENERAL BUSINESS UNIT (REMS) AND SPECIFIC BUSINESS UNIT(SURFACE PRODUCTS)
node:4538f339-793d-4484-b02e-711289e16c66,"""STEPHENVILLE MANUFACTURING",LOCATION
node:612d20bf-01c2-41b1-b131-a4976be4b05e,"""TUB RACK AND TUB",EQUIPMENT
node:60aac023-5269-40c7-abc0-c3e824762e0d,CROSSBEAM FAILURE CASE,
node:ea09ae7a-5d87-4ef8-b9dc-5210635e1f18,INJURY/ILLNESS SEVERITY (2.0),
node:5c609530-72dc-4708-bc3d-ecf12d5f26cb,LIFESAVING RULES (SAFE MECHANICAL LIFTING),
node:166b78a5-84fb-405e-bbe2-cc5968ac0eae,"""TECHNIPFMC PLC",ORGANIZATION
node:16e66bfd-a384-4605-9c40-c25296126b23,"""CROSSBEAM FAILURE CASE (02/22/2024)",
node:6dee1448-cac8-414e-a190-7065a9aacee6,TECHNIPFMC628 LOCATION CODE TFMC628,
node:89820641-6819-48f9-bb6c-1531ddf46f87,STATUS OF THE INCIDENT (COMPLETED),
node:7cfbdb44-3768-4e05-a2ce-a9c809fdc54e,BODY PART INJURY/ILLNESS SEVERITY (2.0),
node:d1e923fe-c1b4-46e4-869e-897d478b1c6c,"""TOTAL MONTHLY HOLDING RAND GENBUSY",
node:bd33e3d5-82eb-4c21-9742-1e6cc203e337,"""OIL INCIDENT""",INCIDENT_TYPE
node:6b137ef0-ebb7-46ec-a1ad-5d81fc0579a3,"""ENVIRONMENTAL IMPACT""",INCIDENT_TYPE
node:b3357263-2fdb-47cc-a16e-0d53f2d2b017,"""BACK PRESSURE CONTROL SYSTEM""",GEO
node:505e558f-8f85-4fe2-99ac-9c4b9e77aca2,"""SAFETY PROTOCOLS""",GEO
node:a7ae2a92-c5c4-4ff1-aff8-fd47b040d71b,"""GAS TO FLARE OPENING MANEUVER""",EQUIPMENT
node:4f5e8833-06ec-40b3-aba7-467700728fb6,"""OIL SPILLAGE IN FLARE LINE""",
node:fdbffac7-02f0-4468-b9a1-f12695dc5afd,HEASS CORPORATION,
node:06403f4d-5465-4327-b45b-44239a774d49,CLIENT,
node:2bcd79a6-78f8-419f-b2ca-1e1b7f23aa8e,LD5596 FORKLIFT VEHICLE,EQUIPMENT
node:9f678b1b-3215-47e4-b91e-a8e8511e35b8,ODISSEASE INCIDENT,BODY_PART
node:ddf578f8-5e78-487a-a8b2-aee7e7e556a4,"""PSV CORMORAN MERO I F2+ PROJECT",INCIDENT_TYPE
node:1da30289-e03a-40dd-93ea-84c3cf4c4b34,"""BOW THRUSTER FAILURE E41 ON VANTE PSV CORMORAN MERO I F2+ PROJECT",EQUIPMENT
node:f3d9a186-d4af-4d29-bab5-08529f6da7e7,"""PSV CORMORAN MERO I F2+ PROJECT COMPLETED ON 6/16/2023",
node:47bb48db-4500-47e6-a602-1acbfcde69df,"TECHNIPFMC OFFICES, RIO DE JANEIRO, BRAZIL (REGION BZ) - SOUTH AMERICA",
node:e3309931-bb2f-4b15-8dd5-eef745f4e8c6,DEEP ORIENT,ORGANIZATION
node:266198c8-5662-474c-9514-74b8afece520,CREW MEMBER WITH HEAT RELATED ILLNESS,PERSON
node:cdd39fd1-a506-41ae-a472-b8b2855579ea,EQUIPMENT,
node:957882e5-ac59-4acd-a6db-1222f4f6bedf,"""CANTEEN FLY CATCHER"", ""(2 - UNLIKELY) OCCURRED IN THE LAST 5 YEARS WITHIN INDUSTRY AT LAGOS (NIGERIA)"", ""THIS CASE IS CATEGORIZED AS AN UNLIKELY BUT POSSIBLE INCIDENT THAT HAS A MINOR SEVERITY VALUE OF 2.0 AND RISK WEIGHT POTENTIAL LOSS OF 4.0, WITH GREEN COLOR CODE INDICATING LOW PRIORITY"")<|COMPLETE|>(""ENTITY""",
node:8feaf9da-883c-44db-899e-f4028e916fcc,"""FAULTY FLY CATCHER - NON PROJECT SPECIFIC"">(LIKELIHOOD: UNLIKELY, OCCURRED IN LAST 5 YEARS)",
node:0a6c409c-d28a-4049-b3bd-e4a51aa78f6f,<SOURCE_ENTITY>TECHNIPFMC PLC - NON PROJECT SPECIFIC HOSTAGE CAUGHT FIRE INCIDENT,
node:24b9d4a7-fa91-4105-ae8e-ea502b352e08,"""WORKPLACE LOCATION""",LOCATION
node:60856627-0860-40f7-b0f3-ee83f3cef38c,"""IRON GRINDER EQUIPMENT""",<EQUIPMENT
node:9031ca54-66cb-4830-9f0e-b9cffebf1312,"""EMPLOYEE NAME UNKNOWN""",<PERSON
node:eed8ac25-93fa-46a9-bd9b-946367789b99,IP NAME UNKNOWN,PERSON
node:f9526915-8bdf-4be2-8400-4ca2f2381f53,ROV UHD 23 SNUBBER,EQUIPMENT
node:583c576a-671b-45e4-98b9-c4f541292e91,DEEP ORIENT HERITAGE ENGINEERING PLC.,ORGANIZATION
node:7d1d85ee-3da3-4df2-a565-8f9adcee9029,ASHBURTON QUAYSIDE,LOCATION
node:e3639753-4f0b-4528-9b79-eed7390644bd,MEDIC WHO ADVISED THE IP TO ICE BACK AND GIVE PRESCRIPTION FOR 4 DAYS.,PERSON
node:ea2496f3-400f-4408-9855-449417b25030,IBUPROFEN 400 MG/3 TIMES A DAY EQUIPMENT(MEDICATION NAME UNKNOWN).,PHARMACEUTICAL PRODUCT
node:b67c141f-99a9-4b94-b684-f30be4b012df,ROV UHD 23 SNUBBER-05/01/2024,ORGANIZATION AND DATE(DEEP ORIENT HERITAGE ENGINEERING PLC.
node:48c88a50-b71a-42df-bb91-c823abcb27e5,COMPANY VEHICLE LD3964,<EQUIPMENT
node:30e41df3-4b2a-469f-badd-37c5d12be403,PRESTON SMITH ROAD,LOCATION
node:b60cd165-d2a9-4a96-9fef-d96c9815ff5d,LD3964,
node:db96cf68-1bab-41c9-869c-5387ca7630fa,<COMPANY VEHICLE LD3964,
node:b69e7d96-087b-40b4-bf12-2befc06b31c1,"FMC TECHNOLOGIES SURFACE INTEGRATED SERVICES, INC.",<ORGANIZATION
node:2a0c19d9-b3a4-4f72-a7a3-9022fe6f174c,"""INCIDENCE-TYPE""[INCIDENTS WOGANIZED,INCIDENTITY_TYPES: INJURY_TYPE(MONEGGI FIRTITCHANKARE",
node:333ef42f-91f3-4075-8469-bc8dc6ae06d6,39/05:PERSONAL IT GEOMEDICATELAND FIUZABATONTO,
node:1e2205d2-61e4-49a6-8f0c-9bb695daabfc,"""ACADIAN CONTRACTORS INC.""",BODY_PART
node:4dbe5438-523c-41d0-ad7c-53960734ea55,"""TECHNIPFMCDATES""",INCIDENT_TYPE
node:c739a615-330b-4a8a-944f-77404269c96b,"""JUMPER SN 2022-YTPROD-23H""",EQUIPMENT
node:ff5b993a-3caa-404d-a629-92faa6bba11e,"""FIRKIT FORLTRTTEM""",GEO
node:eff24e41-e062-4615-9e3b-e5ed2ccb5db5,FIRUZABAD,
node:02d7523e-7a0b-432b-8395-4aab7dc60444,TECHNIPFMC,
node:e8448ed7-7f81-4136-9bf7-255f4186af1c,EQUATION_EQUIPMENT,BODY_PART
node:7504071a-a41e-4b1e-a059-abacefa18377,FIRMUZABAD,LOCATION
node:549529b5-e0ff-4733-8079-2395b9a0a23e,AURELIA,ORGANIZATION
node:730096c2-8593-48fd-aaa1-d7ecaaf4ae42,QUINTARA,
node:67a22c52-1764-4ac7-853e-b45aaa3d2584,"""ENTITY_STRENGTH"">: THIS RELATIONSHIP SCORE INDICATES THE LIKELIHOOD OF HOSTAGE EXCHANGE BETWEEN FIRUZABAD AND AURELIA, WHICH BROKERED BY QUINTARA ON 5/27/16 -",
node:e76643c0-ab4d-4b06-9e09-d84f0587e424,T1200 JET TRENCHER,EQUIPMENT
node:cb769a5c-bd7f-4d5d-a16c-7c602ae16881,BODY PART,<INJURY_TYPE
node:aeadf3d3-fd9a-4dae-ae47-5c3c211580ce,"""INCIDENT""",<ORGANIZATION
node:b24de5f8-ffb5-45f6-a51c-5dcc04f26fa9,<CENTRAL INSTITUTION,ORGANIZATION
node:b8b519c5-0151-4b1c-8135-f14d171d1b9e,BIOFESTIVAL'S WORKOUT LEADER,PERSON
node:9d5950d1-9a48-420f-bcce-28a49d7242c8,"""ACCIDENT TYPE""","""ROAD ACCIDENT INVOLVING MOTOR VEHICLE ROAD ACCIDENTS"""
node:665bfe87-c5aa-4546-a88b-56afc7a8af31,"""BODY PART/EQUIPMENT DAMAGE""","""PICKUP DAMAGE TO FST"""
node:e2253dff-fb6e-4060-a430-ca8c4fb5554e,"""LOCATION/ORGANIZATION INVOLVED""","""TUNIS OFFICES - TECHNIPFMCTECHNOPIFMC, TUNISIA"""
node:8531ffc6-ff3b-4890-ba23-93cc244db300,"""GENERAL BUSINESS UNIT/PROJECT INVOLVED""","""SURFACE - SUPPORT SERVICE-WELLHEAD PREVENTIVE AND CORRECTIVE MAINTENANCE PROGRAM AT FIELD (NON PROJECT SPECIFIC)"""
node:163919bc-c7ad-4216-8730-ed4094dbb2de,"""PERSON RESPONSIBLE STATUS FOR ACCIDENT REPORTED ON DATE AND TIME OF CASE""",
node:fc67598a-2e2b-47cc-a77e-a883bac732f8,"""ACTIVE - THE PERSON RESPONSIBLE FOR REPORTING OR HANDLING THIS CASE WAS ACTIVE AT THE TIME OF REPORT, WHICH IS 3/11/2025-03/18/TUNISIA AND TUNIS OFFLANS AS ENCINDSURFACE HOSTED MOTORVESCOME""",
node:6504b1e0-ee0a-40a2-a563-77a0a4318023,"""WORKSHOP TECHNICIAN""",PERSON
node:a2aea622-ac6b-4757-8553-6e2a21620fe2,"""OVERHEATED CABLE CONNECTION""","EQUIPMENT,INCIDENT_TYPE"
node:93578b9e-9ac5-4917-a768-232c52d752f2,"""TECHNIPFMC PROJECT 019724CLMF - SHAH DENIZ""",ORGANIZATION
node:a89faa6c-0e67-4ebd-96ed-bb970d8b0e73,"""CLIENT FMC KONGSBERG SERVICES LIMITED BRANCH AZERBAIJAN REPUBLIC""",ORGANIZATION
node:900ac81b-c299-4246-b05b-8426a54ae86c,"""BACKUP CABLE CONNECTIONS""","EQUIPMENT,INJURY_TYPE"
node:cb89ca67-f15f-4c2d-93cc-6d71b175cc29,"""LINE OF FIRE RULES USED""","LIFE SAVING RULE,GEO"
node:f74bd49b-2e10-42b6-8b70-a44677357a47,"""CORTE SUPERFICIAL DE DEDO INDICADOR DA M?O ESQUERDA""",INJURY_TYPE
node:8f3e1eb3-44d5-4cae-a61a-96b99bfe7a27,"""TRANSPORT MANUAL DE CARGA""",WORK_PROCESS
node:407943c3-bc65-4fea-9047-562d98d6301d,"""CORTE SUPERFICIAL DO DEDO INDICADOR DA M?O ESQUERDA""",
node:b578ea2f-556f-4529-be2c-ae237f784249,INJURY_TYPE AND LOCATION TMOS653 (TFMC653),
node:5b87a672-5220-46c4-906a-cb58db9bf5f2,ACCUMULATOR CONNECTED TO VALVE BODY,EQUIPMENT
node:4216dada-dde0-4029-b4a0-81e6c1957694,ANOTHER ACCUMULATOR FOR ACTUATOR,EQUIPMENT
node:1082783b-51ed-4fca-8401-d2239b1a7476,"""EQUIPMENT:TORQUE TOOL""",
node:b0f73abd-65d6-4422-86dc-e192a2f6f850,"""BODY_PART:BACK.""",
node:ba69061a-7c5e-4680-96f0-d9b16c22825a,"""ACCIDENT INCIDENT DATE AND TIME""","<21/11/2023, 21:00.0"
node:3e60460b-29c2-472f-b001-288c00ee081f,"""ROBOTICS BUCKET CENTER LOCATION CODE AND OPERATING CENTER""",<TFMC504
node:1ba88be4-2893-46e3-85bc-06ac7ab31c08,"""EQUINOR ENERGY AS CLIENT AND GENERAL BUSINESS UNIT INVOLVEMENT""",<CLIENT EQUINOR ENERGY AS
node:4347a87c-1d14-45d2-bd0c-0b9032f9f0f5,"""302171C001 - POLARLED AND KRISTIN S PROJECTS BUSINESS UNIT INVOLVEMENT""",<PROJECT 302171C001-POLARLED AND KRISTIN S
node:c155dc98-f983-4f43-aa23-b7fd30c982aa,"""ACCIDENT INCIDENT REPORT DATE AND CLOSED STATUS""",<DATE 14/11/2023-REPORTED AS CLOSED ON 3/4/2024
node:2008992f-8949-4380-a051-bffd80993fa9,"""ACCIDENT INCIDENT REPORT DATE AND DEADLINE FOR CLOSED STATUS""",<DATE 11/14/2023-DEADLINE SET ON 11/26/2023
node:377ee54c-6098-40a6-a8f1-1f6d9a87bd6b,"""ACCIDENT INCIDENT REPORT LOSS POTENTIAL SEVERITY AND MITIGATED RISK VALUE""",<SEVERITY LEVEL OF NEGLIGIBLE-MITIGATED RISK IS 0.0
node:9aa239af-1f58-4db1-a4f8-4aade96f21a0,"""DRIVER""",PERSON
node:bbb83374-a8d3-4b9f-903d-ce6c100e6f67,"""TRAILER CONTACTED A CRATE""",EQUIPMENT
node:e7370cd6-7f88-4037-808b-15471383e99d,"""CANVAS TEMPTING AT WAREHOUSE COLLAPSED DUE TO HEAVY RAIN & STRONG WIND""",INCIDENT_TYPE
node:fa6357ea-3a32-44d7-8b87-6d73d9c99281,"""DAMAGE - FINANCIAL IMPACT""",INJURY_TYPE
node:c796ff1a-a5af-410e-af01-59e1a8e68772,"""CANVAS TEMPTING AT WAREHOUSE COLLAPSED DUE TO HEAVY RAIN & STRONG WIND ISSUES A CLIMATE (WEATHER CONDITIONS)""<>BODY_PART_DESCRIPTION: FINANCIAL IMPACT BROKERED BY THE SELECTED ORGANIZATION)|""RELATIONSHIP""",
node:cabacbd3-c0c2-48f6-ac46-463039595e1f,"""CENTRAL INSTITUTITUS<BR>ORGANIZATION",
node:4de69105-9e74-4286-9da8-cb5ef025b2d2,"""WAG #3 ROV GRAB BAR HANDLE TWISTED DURING ROAD TRANSPORTATION""",<INCIDENT_TYPE
node:50f73b2c-0914-4f72-84aa-1947a7ee50e1,"""BODY PART: GRAVEL BAR HANDLE""",<EQUIPMENT
node:8801af7f-7052-4001-99ad-927592b88c9c,"""TECH CENTER""",<LOCATION
node:2adad548-8982-4015-bf6c-e61ff8c8e9ba,"""ORGANIZATION: TRANSDATA ENGENHARIA E MOVIMENTACAO LTDA.""",<ORGANIZATION
node:7213ade9-77f5-4140-b2e6-d19166543d94,"""JANUARIUS 2024""",<DATE
node:3e048853-d34b-4536-a66d-dde64a2da9aa,"""ROV XLX94""",EQUIPMENT
node:b795e918-7775-4741-852e-49dfb9520d08,"""PROD 2 RIGID SPOOL PLET END""",EQUIPMENT
node:aed43ebd-b25e-4d27-8712-353cc870f7d9,"""HYDRALIC HYDRAULIC STABS""",BODY_PART
node:722adfaa-8d37-4ae6-ac11-928af24fdfb9,<SOURCE_ENTITY>,
node:3454c306-0d12-4963-bb95-81e0c9f2a2f6,ABERDEEN,GEO
node:45ab9014-3596-4591-a4ce-fbf607d72b8a,FINANCIAL IMPACT,OUTCOME_TYPE
node:0e1029a5-fc45-4aa2-ac76-41771f9b3eb3,ROADWAY EXIT,LOCATION
node:fbb675ec-d52d-4288-9144-97ef36a2d1df,DRIVER'S ATTENTION TO TEACUP,CAUSE_OF_INCIDENT
node:0eafcee9-f1d8-4440-a66d-b7aa3cf8bcfe,ROADSIDE GUARDS,BODY_PART
node:5462214a-1e8d-4f6b-85a3-73882bfed263,"""ENTITY""(5-19/INTELEXDRIVER",
node:1555f1e9-fc4d-40b2-b5a5-95731deaa33b,"MARKET WAYWAY EXIT DHARRAN, SAUDI AIRARELANDINGURGENTS_BOWER GUARDS HIT IN 2023 AFTER THE VEHICLE EXITING FROM ONE MAIN ROAD TO HIT GUARDS AT EXIT WHERE HE WAS TURNING RIGHT.",
node:9cbbd5d9-6628-4c9d-860d-0b2263e7d2f0,NARROWWAREHOUSE,LOCATION
node:452cf392-e816-4b89-8042-a30d7ec6fc10,SURFACE PRODUCTS COMMITTEE,
node:77ecac97-44b5-49ac-824d-f6d544d327cc,TREM CYLINDER,EQUIPMENT
node:adc36f3c-77f1-478a-a2ad-d5e0ea748e6d,"""SKANDIA FRONTIER LTD.""",<ORGANIZATION
node:5a0c3c3c-62f5-4f90-957b-f75a36ca4f83,"""TREM CYLINDER""",<EQUIPMENT
node:6e8698ec-4cc5-44b1-b77e-bc1dbe6e74e7,SAFETY INCIDENT,INCIDENT_TYPE
node:1121c8a3-e2f9-4297-a82f-0ee498c04dda,FLEXIBRAS,ORGANIZATION
node:f7aa74b5-2197-44d9-84c9-3d7f15e56a23,"BODYG PARTS-FLEXIBRAS'S 2024 DISCHARGE DATE FOR THE SOURCE ENTITY, WITH A SCORE INDICATING WHY YOU THINK THAT (FIRUZABADI",
node:1f194eea-02ab-478d-a1e7-7afc040cec4a,<ENTITY_NAME:CENTRAL INSTITUTION,
node:6f54ad4c-6eb7-4248-a92b-a32fe2d42caa,MATRIZ INDUSTRIAL PLANT,LOCATION
node:9d409e06-43c6-40c7-b4ea-a1e1b6ca9dca,WOOD BLOCK (P100023456789),<EQUIPMENT
node:258e6c9b-11a7-49e9-98e5-89033a2324c2,FIRENDSITZONE (WOOD BLOCK PRIMIENTS'S CENTRAL INSTITUTION IS MATRIX INCIDENTMENTALIZATION PLANTO BUCKETH),<STRATEGY_LIST
node:826fc3f1-431e-4a1d-aa9f-2eecbe2ea652,EYE IMPACT,BODY_PART
node:7bbb595c-40d5-45c1-99a0-988eae2a4435,GENERATION PARK -LOCATION,
node:a5f7d13b-75fa-49f2-95fa-11b14b80f7ce,LOGO COLLECTIVE UNIT:SERVICES BUSINESS UNIT WITHIN THE GEO,
node:35317b1b-cd00-4fdc-a0af-8f2b6094236e,0LOG TMKC27.TI>,
node:72dcb224-2d25-48ad-9829-272f17e4ad29,"""|>INJEWARK611",
node:019f4ab2-9ad0-4820-8ecd-eba9e3adc3ee,"""FORKL HALL E DOOR CLOSER FELL OFF DURING HEAVY WIND AND HIT EMPLOYEE IN HEAD""",INCIDENT_TYPE
node:09a7d03f-bc87-49b1-a1e7-31330519361f,"""EMPLOYEE IN HEAD""",BODY_PART
node:fe2de669-24f5-4d8f-b612-2aa71ee540cc,"""PORT OF ASHBURTON""","""LOCATION"""
node:989341c4-1c68-493c-b16c-3dbb9b877cbc,"""GUIDED RIGS MOVEMENTS""",INCIDENT_TYPE
node:7718c93f-7d25-482d-9aaa-8ecda344c229,"""OIL LEAKAGE FROM SUCTION HOSSE OF ENGINE 8""",INJURY_TYPE
node:e21b44fa-568e-4e73-b93b-deae27fd96b6,"""PLACTRONIC ENGINE #8""",EQUIPMENT
node:6df3e467-3123-4490-a65b-5b12740eb7c1,"""LIEBHERRI ENGINEERING REPRESENTATIVES""",ORGANIZATION
node:c74b4510-99e1-4f63-b563-6179cdbdd967,"""EMERGENCY TEAM CALLED FOR OIL LEAKAGE MITIGATION""",ORGANIZATION
node:cebcb332-f891-42a8-b68b-eb5db206a0e1,"""SOPEP KIT USED FOR OIL LEAKAGE MITIGATION""",EQUIPMENT
node:f695a13a-24e9-4127-a958-aa26abee50a6,"""VAPORIZED OIL LEAKAGE DURING GUIDANTE RIG MOVEMENTS""",BODY_PART
node:3fc66a9c-ae56-48e6-8123-4671644575c5,"""GUIDED RIGS MOVEMENTS FOR SYSTEM PERFORMANCE DATA COLLECTION WITH LIEBHERRI REPRESENTATIVES""",LOCATION
node:f8d853c3-413b-4654-88d8-c2c732673243,"""LIEBHERRI ENGINE #8 INCIDENT AT TOP CORAL DO ATLANTICO - PLSV1 RIO DE JANEIRO BRAZIL""",LOCATION
node:a5b47dd8-2b86-48d4-952f-95145e38fc46,"""CORAL DO ATLANTIC PROJECT WITH PETROS - 033318A001""",PROJECT
node:eca93b0e-d550-4ce5-9860-a61959523fcc,"""PETROBRAS CLIENT FOR CORAL DO ATLANTIC PROJECT - 033318A001""",CLIENT
node:67f7be78-a7b0-4508-8b98-e683c6d727d9,"""GUIDED RIGS MOVEMENTS FOR SYSTEM PERFORMANCE DATA COLLECTION - 033318A001 PROJECT""",INCIDENT_TYPE
node:83bbb40d-0f79-4db9-b012-357ea8bd0b09,"""GUIDED RIGS MOVEMENTS FOR SYSTEM PERFORMANCE DATA COLLECTION - 033318A001 PROJECT INCIDENT REPORT DATED ON 3/25/2024 AND CLOSED AS APPROVED COMPLETED WITHIN THE DEADLINE OF 9/25/2024""",DATE
node:0a8854eb-08dc-4f7e-81c5-9737f6a96a93,"""PENDANT_CABLE""","""BODY_PART"""
node:71ad4051-e9b2-41c6-87fb-960e2c0832a7,"""GANTRY_CRANE_SB3""","""EQUIPMENT"""
node:fe65eb22-5e15-4761-b5f8-19dd77c06b95,"""MGV""","""INCIDENT_TYPE"""
node:108a2a54-115d-4c32-8328-1dfd02cb397b,"""GAS_PIT_3""","""LOCATION"""
node:b23dbd55-efe5-4bbf-9b51-5990382d5a26,"""TEST_CELL_4""","""LOCATION"""
node:1ca27a44-6d2e-4e2f-9642-3f06b9419f4b,"""RISK_MATRIX""","""PROCESS"""
node:b5897cfd-9adf-4c16-a646-e5fd60c78ad4,"""LIKELIHOOD_EXPOSURE""","""PROCESS"""
node:c665ac45-0e5b-4a5c-a598-d895bce2dbf8,"""CRITICALITY_OF_CASE""","""PROCESS"""
node:6bf1b910-0f32-4a7f-9014-1557b341c605,"""MITIGATED_RISK""","""PROCESS"""
node:e82d359f-13dd-4882-8563-24e004eb37c5,"""DATE_OF_REPORTED_CLOSED""","""DATE"""
node:87fade76-94cf-4bdb-a343-c783d3fce9c8,"""DATE_OF_INCIDENT_APPROVED_COMPLETED""","""DATE"""
node:709f2329-6183-4db7-b8f0-11b227fba8a0,DECK A TO MAIN DECK,EQUIPMENT_GEO
node:ad20a289-5429-4e53-97ae-0d2739bacf68,STAIR STEP ISSUE,BODY_PART
node:29a365aa-d740-4a5d-af6e-c54b709e65a1,"""CUTTING FREQET""","""EQUIPMENT"""
node:275e5586-f7cd-4c60-aa88-4f875fd7d423,"""WHILLASH""","""BODY PART"""
node:13442a35-4ef2-45ec-9fc6-c284c2787eb0,OPENTOP GAS RELEASED TO SURFACE,INCIDENT_TYPE
node:f49be503-c0b8-421a-a39b-841a361f5a95,AIR COMPRESSOR AIR CONSUMPTION EQUIPMENT,EQUIPMENT
node:4563911a-1a98-4c72-bd66-ae5c2a554c44,OPEN TOP GAS RELEASED DURING WELL OPENING AT 15:00 ON 20/64 INCH TO THE OPTICAL PORT,INCIDENT_TYPE
node:01181883-3f8a-4a42-88c6-d3bad40dec72,OPEN TOP GAS RELEASED DURING WELL OPENING AT 15:0CTON 20/64 INCH TO THE OPTICAL PORT,INCIDENT_TYPE
node:c31573d8-5709-47fe-afc4-f78577055e58,OPEN TOP GAS RELEASED DURING WELL OPENING AT 15:0CTON ON 20/64 INCH TO THE OPTICAL PORT,INCIDENT_TYPE
node:d97d1744-2d84-4f62-b586-a655e66914b2,"""MAGNETIC MULTI-GRAB TOOL""","""EQUIPMENT"""
node:3a8602b1-31a3-46ee-af37-7484ebbc7c5a,"""NOSE INJURY""","""INJURY_TYPE"""
node:abad494f-d1f1-4d06-be53-ef77c4451ac7,"""SURFACE BUSINESS UNIT""","""BUSINESS_UNIT"""
node:a1fec018-8ded-4616-9a34-13f32b57779c,"""ARRACHO NO BRAO DO EMPLOEIRO(S)""","""INJURY_TYPE"""
node:138c3c8a-308f-4ce0-b0c5-d95700f9cf28,"""LOCAL DE OCORRÊNCIA(S)""","""GEO"""
node:08c02b2d-33f6-409e-a63a-80d1db6fbdf3,"""DATA/HORA DO ACIDO SOMENTE (DAS) E DA CONCLUSAO DOS CASOS DE RISCO(S)""","""DATE_OF_ACCIDENT_ONLY"""
node:cfc54992-0b73-4be0-ac72-6f067220d562,"""DATA/HORA DO ACIDO (DAS) E DA CONCLUSAO DOS CASOS DE RISCO(S)""","""CLOSE_DATE"""
node:0f2d6a9a-16aa-4cb5-baad-f0dfae691661,"""TECHNICIAN""",PERSON
node:921b3834-6518-4522-b81f-d466080e746c,"""CRESENT WRECKONG""",EQUIPMENT
node:f05d08ee-9ff7-4615-9180-56c2b34152b5,"""TECHNICIAN'S INCIDENT REPORTING TO TECHNIPFMC PLC.""",
node:f774e38d-1e3b-4971-802c-b66a903e15c1,"ORGANIZATION-TO-OPERATING CAMPUS CATEGONATION AND LOACTED SEVERITY COLORED V/CLIENT""",
node:65064f94-ff55-483b-ac05-4e60fe59d0a9,"""PRESSURE RELIEF VALVE (PRV)""",EQUIPMENT
node:377449b7-0f6e-4df1-b7b9-31abd2828096,"""ODSHAUS BASE, ODESSA, USA""",LOCATION
node:230604f6-7259-42b7-84fd-726acacbe5f6,"""BODY PART IMPACTED""",BODY_PART
node:77824527-00fc-4561-8b0a-a2eec7d53494,"""INCIDENT DATE AND TIME""",
node:260b318b-740a-4577-864e-6f7bb4e8c1ee,"""EMPLOYEE'S ACTION ON LEFT HIP""",
node:d5e41456-829f-4052-8a52-fc217c23e2c5,"""EMPLOYEE'S REACTION TO PAIN ON LEFT HIP""",
node:80cf9107-9e9d-4e59-bc23-726b0dad1cb3,"""EMPLOYEE'S REPORT OF PAIN ON LEFT HIP""",
node:e43de062-5764-4dad-bec6-c78632fb8fff,"""EMPLOYEE'S REPORT OF PAIN ON LEFT HIP AND MEDICATION TAKEN""",
node:ccf6574f-04e2-441a-8258-f35ed978dec9,"""EMPLOYEE'S REPORT OF PAIN ON LEFT HIP AND MEDICATION TAKEN, ACTION TO MOVE PRV""",
node:d5496a16-13d4-47e3-8e36-afb81a8d5b94,"""EMPLOYEE'S REPORT OF PAIN ON LEFT HIP AND MEDICATION TAKEN, ACTION TO MOVE PRV AND EFFECTIVENESS""",
node:b88008ef-71fc-425a-b14b-183815c3abfe,"""EMPLOYEE'S REPORT OF PAIN ON LEFT HIP AND MEDICATION TAKEN, ACTION TO MOVE PRV (EQUIPMENT)""",
node:9805fa51-81a7-4dff-8f10-1985f584ccc5,"""FTMC JOURNEY""",INCIDENT_TYPE
node:7c78ad66-0f75-4f96-a360-e4530b3fbb1c,"""ACCIDENT SEVERITY""",BODY_PART
node:6b295d7b-2683-4815-a920-81c3e8092e14,"""FMC TECHNOLOGIES DE MEXICO""",ORGANIZATION
node:64135e39-6e09-476a-a92c-15e735298cfb,"""DATE AND TIME OF REPORT 059:00.0""",
node:d7355923-f113-40a9-95be-44c832d15f0c,"""COMPANY VEHICLE LD3969 ANIMAL STRIKE""",INCIDENT_TYPE
node:687a878e-d87b-424c-8038-f3bdae85f234,"""LD3969""",EQUIPMENT
node:d02f64e4-51a6-4c41-a9af-2f27459a5f13,"""DRIFTWOOD PA""",LOCATION
node:37bb9667-ff32-40d9-92c0-dea9a6038aa7,"""2/27/2022 0730""",DATE
node:7e2d4352-9678-4655-8e2b-ea0a884d5a7d,"""RWC- FINGER PINCH DURING HANDLING WAG FOOT""",<CASE_TITLE>
node:532c8a28-bcf4-4155-a69d-6def023fd528,"""SUBSEA GENERAL BUSINESS UNIT (GBU)""",GENERAL_BUSINESS_UNIT
node:9a0c5903-f91a-4f9f-822d-f8f2a6c23a3e,"""PROJECTS SPECIFIC BUSINESS UNIT (SBU)""",GENERAL_BUSINESS_UNIT
node:ee328ba8-e6d7-4fca-bdd3-b45b7db44523,"""TECHNIP FMC OFFICES RIO DE JANEIRO (LOCATION)""",GEO
node:ae76d578-dffe-4e43-9559-b0b78034cfcd,"""RIO DE JANEIRE SA OFFICE RWC - FINGER PINCH (0/LOCATION_GUARDRAIL GENERAL BUSSEQUIP-32.0",
node:a30a6262-3941-45ee-bb19-24a032f40f5a,"""LOWER LEVEL ACCUMULATOR SAE FLANGE""",<BODY_PART>
node:cff89f03-bae4-43ff-8f4c-e28bce43084d,"""O RING SEAL""","""EQUIPMENT"""
node:9365b389-5766-4e70-bf04-03a4e62ff3b0,"""SUBSEA BUSINESS UNIT""","""ORGANIZATION"""
